<?xml version="1.0" encoding="utf-8" standalone="yes"?>
<rss version="2.0" xmlns:atom="http://www.w3.org/2005/Atom">
  <channel>
    <title>Water Data Collaborative</title>
    <link>/awards/enduringcivicengagement/</link>
    <description>Recent content on Water Data Collaborative</description>
    <generator>Hugo -- gohugo.io</generator>
    <language>en-us</language>
    
	<atom:link href="/awards/enduringcivicengagement/index.xml" rel="self" type="application/rss+xml" />
    
    
    <item>
      <title>California Safe Drinking Water</title>
      <link>/project/california-safe-drinking-water/</link>
      <pubDate>Mon, 01 Jan 0001 00:00:00 +0000</pubDate>
      
      <guid>/project/california-safe-drinking-water/</guid>
      <description> Project website </description>
    </item>
    
  </channel>
</rss>