<?xml version="1.0" encoding="utf-8" standalone="yes"?>
<rss version="2.0" xmlns:atom="http://www.w3.org/2005/Atom">
  <channel>
    <title>Water Data Collaborative</title>
    <link>/awards/risinginnovator/</link>
    <description>Recent content on Water Data Collaborative</description>
    <generator>Hugo -- gohugo.io</generator>
    <language>en-us</language>
    
	<atom:link href="/awards/risinginnovator/index.xml" rel="self" type="application/rss+xml" />
    
    
    <item>
      <title>Identifying high-risk communities</title>
      <link>/project/high-risk-communities/</link>
      <pubDate>Mon, 01 Jan 0001 00:00:00 +0000</pubDate>
      
      <guid>/project/high-risk-communities/</guid>
      <description>Identifying communities with a high risk of shortage using a multifactor vulnerability score
Additional resources:
 Project webpage  </description>
    </item>
    
    <item>
      <title>Jata Water Solution</title>
      <link>/project/jata-water-solution/</link>
      <pubDate>Mon, 01 Jan 0001 00:00:00 +0000</pubDate>
      
      <guid>/project/jata-water-solution/</guid>
      <description>Empowering Community Residents with One Integrated Information Platform and Two-Way Data Communication</description>
    </item>
    
  </channel>
</rss>