<?xml version="1.0" encoding="utf-8" standalone="yes"?>
<rss version="2.0" xmlns:atom="http://www.w3.org/2005/Atom">
  <channel>
    <title>Projects on Water Data Collaborative</title>
    <link>/project/</link>
    <description>Recent content in Projects on Water Data Collaborative</description>
    <generator>Hugo -- gohugo.io</generator>
    <language>en-us</language>
    
	<atom:link href="/project/index.xml" rel="self" type="application/rss+xml" />
    
    
    <item>
      <title>Get the lead out!</title>
      <link>/project/get-the-lead-out/</link>
      <pubDate>Mon, 01 Jan 0001 00:00:00 +0000</pubDate>
      
      <guid>/project/get-the-lead-out/</guid>
      <description>Lead Levels in San Francisco Schools San Francisco Unified School District tested the school&amp;rsquo;s drinking water for lead last year. This map shows the highest lead levels detected at each school based on multiple sample sites and dates.
There is no safe level of lead, especially for children. Even small amounts can lower IQ. Damage from lead exposure is irreversible.
Take action with CALPIRG&amp;rsquo;s &amp;ldquo;Get The Lead Out:Back to School Toolkit.</description>
    </item>
    
    <item>
      <title>Statewide Interactive Map of Lead in Drinking Water</title>
      <link>/project/get-the-lead-out-2019/</link>
      <pubDate>Mon, 01 Jan 0001 00:00:00 +0000</pubDate>
      
      <guid>/project/get-the-lead-out-2019/</guid>
      <description>Lead Levels in San Francisco Schools San Francisco Unified School District tested the school&amp;rsquo;s drinking water for lead last year. This map shows the highest lead levels detected at each school based on multiple sample sites and dates.
There is no safe level of lead, especially for children. Even small amounts can lower IQ. Damage from lead exposure is irreversible.
Take action with CALPIRG&amp;rsquo;s &amp;ldquo;Get The Lead Out:Back to School Toolkit.</description>
    </item>
    
    <item>
      <title>PFAS– We Eat It, We Drink It, We Breathe It</title>
      <link>/project/pfas/</link>
      <pubDate>Mon, 01 Jan 0001 00:00:00 +0000</pubDate>
      
      <guid>/project/pfas/</guid>
      <description> Project Webpage </description>
    </item>
    
    <item>
      <title>Prediction and Visualization of Reported Units</title>
      <link>/project/prediction-visualization-reported-units/</link>
      <pubDate>Mon, 01 Jan 0001 00:00:00 +0000</pubDate>
      
      <guid>/project/prediction-visualization-reported-units/</guid>
      <description>Saving staff time by building a model that identifies Electronic Annual Reports (EARs) with errors. Can we learn more about contributing factors through geographic visualization?
Additional resources:
 Project webpage  </description>
    </item>
    
    <item>
      <title>Central Valley Well Vulnerability</title>
      <link>/project/central-valley-well-vulnerability/</link>
      <pubDate>Mon, 01 Jan 0001 00:00:00 +0000</pubDate>
      
      <guid>/project/central-valley-well-vulnerability/</guid>
      <description>Studying wells in the Central Valley in California.
Additional resources:
 Project webpage Repository  </description>
    </item>
    
    <item>
      <title>Source Water Time Machine</title>
      <link>/project/source-water-time-machine/</link>
      <pubDate>Mon, 01 Jan 0001 00:00:00 +0000</pubDate>
      
      <guid>/project/source-water-time-machine/</guid>
      <description> Project website </description>
    </item>
    
    <item>
      <title>Water Quality Portal for California</title>
      <link>/project/water-quality-portal-for-california/</link>
      <pubDate>Mon, 01 Jan 0001 00:00:00 +0000</pubDate>
      
      <guid>/project/water-quality-portal-for-california/</guid>
      <description> Project webpage </description>
    </item>
    
    <item>
      <title>Water Rate Structures– Do They Make Cents?</title>
      <link>/project/water-rate-structures/</link>
      <pubDate>Mon, 01 Jan 0001 00:00:00 +0000</pubDate>
      
      <guid>/project/water-rate-structures/</guid>
      <description> Project Website </description>
    </item>
    
    <item>
      <title>Water Scarcity Clock</title>
      <link>/project/water-scarcity-clock/</link>
      <pubDate>Mon, 01 Jan 0001 00:00:00 +0000</pubDate>
      
      <guid>/project/water-scarcity-clock/</guid>
      <description> Project Website </description>
    </item>
    
    <item>
      <title>Open Water Rate Specification (OWRS)</title>
      <link>/project/open-water-rate-specification/</link>
      <pubDate>Mon, 01 Jan 0001 00:00:00 +0000</pubDate>
      
      <guid>/project/open-water-rate-specification/</guid>
      <description>Additional resources:
 Project webpage  </description>
    </item>
    
    <item>
      <title>DAMMS: Dam Assessment Mapping and Safety System</title>
      <link>/project/dam-safety/</link>
      <pubDate>Mon, 01 Jan 0001 00:00:00 +0000</pubDate>
      
      <guid>/project/dam-safety/</guid>
      <description>Communicating dam safety through visualizations, building support for change
Additional resources:
 Project webpage  </description>
    </item>
    
    <item>
      <title>Visualizing Exceedance of Contaminants</title>
      <link>/project/visualizing-exceedance-contaminants/</link>
      <pubDate>Mon, 01 Jan 0001 00:00:00 +0000</pubDate>
      
      <guid>/project/visualizing-exceedance-contaminants/</guid>
      <description>Visualizing exceedance levels of water system contaminants.
Additional resources:
 Project webpage  </description>
    </item>
    
    <item>
      <title>Identifying high-risk communities</title>
      <link>/project/high-risk-communities/</link>
      <pubDate>Mon, 01 Jan 0001 00:00:00 +0000</pubDate>
      
      <guid>/project/high-risk-communities/</guid>
      <description>Identifying communities with a high risk of shortage using a multifactor vulnerability score
Additional resources:
 Project webpage  </description>
    </item>
    
    <item>
      <title>Better Data Quality for Better Water Equity: Transforming EAR data </title>
      <link>/project/transforming-ear-data/</link>
      <pubDate>Mon, 01 Jan 0001 00:00:00 +0000</pubDate>
      
      <guid>/project/transforming-ear-data/</guid>
      <description>Every year, the State of California gathers data about water usage and production from all of its public water systems via Electronics Annual Reports (EARs). For instance, consider Dataset #8 in the Recommended Challenge Datasets: this dataset lists information taken from the EAR for each public water system (PWS) for each month of the year, including water production/delivery, water quality, and rates. In principle, this dataset is a treasure-trove of knowledge for government employees seeking to study, optimize, and understand water distribution in California.</description>
    </item>
    
    <item>
      <title>Water: Towards True Affordability</title>
      <link>/project/water-towards-true-affordability/</link>
      <pubDate>Mon, 01 Jan 0001 00:00:00 +0000</pubDate>
      
      <guid>/project/water-towards-true-affordability/</guid>
      <description>Communities that are economically disadvantaged are most vulnerable to high water prices, and safety and availability issues.
This project combines information from the Public Water Services (PWS), US Census data and water utility rates to study the affordability of drinking water in California.
To fill the gaps in the existing data and engage and empowered the communities most affected, a proof-of-concept implementation for a survey is included.
Additional resources:
 Project webpage  </description>
    </item>
    
    <item>
      <title>Drinking Water Contaminant Classification</title>
      <link>/project/drinking-water-contaminant-classification/</link>
      <pubDate>Mon, 01 Jan 0001 00:00:00 +0000</pubDate>
      
      <guid>/project/drinking-water-contaminant-classification/</guid>
      <description></description>
    </item>
    
    <item>
      <title>Blue Conduit</title>
      <link>/project/blueconduit/</link>
      <pubDate>Mon, 01 Jan 0001 00:00:00 +0000</pubDate>
      
      <guid>/project/blueconduit/</guid>
      <description>Using AI to reduce uncertainty of lead service line replacement</description>
    </item>
    
    <item>
      <title>California Safe Drinking Water</title>
      <link>/project/california-safe-drinking-water/</link>
      <pubDate>Mon, 01 Jan 0001 00:00:00 +0000</pubDate>
      
      <guid>/project/california-safe-drinking-water/</guid>
      <description> Project website </description>
    </item>
    
    <item>
      <title>How&#39;s My Water?</title>
      <link>/project/howsmywater/</link>
      <pubDate>Mon, 01 Jan 0001 00:00:00 +0000</pubDate>
      
      <guid>/project/howsmywater/</guid>
      <description></description>
    </item>
    
    <item>
      <title>Jata Water Solution</title>
      <link>/project/jata-water-solution/</link>
      <pubDate>Mon, 01 Jan 0001 00:00:00 +0000</pubDate>
      
      <guid>/project/jata-water-solution/</guid>
      <description>Empowering Community Residents with One Integrated Information Platform and Two-Way Data Communication</description>
    </item>
    
    <item>
      <title>Spotting the Drought</title>
      <link>/project/california-drought/</link>
      <pubDate>Mon, 01 Jan 0001 00:00:00 +0000</pubDate>
      
      <guid>/project/california-drought/</guid>
      <description> Project Website </description>
    </item>
    
    <item>
      <title>The WeTap App</title>
      <link>/project/wetap/</link>
      <pubDate>Mon, 01 Jan 0001 00:00:00 +0000</pubDate>
      
      <guid>/project/wetap/</guid>
      <description> Project Webpage </description>
    </item>
    
    <item>
      <title>Water Quality Explorer</title>
      <link>/project/wq-explorer/</link>
      <pubDate>Mon, 01 Jan 0001 00:00:00 +0000</pubDate>
      
      <guid>/project/wq-explorer/</guid>
      <description></description>
    </item>
    
    <item>
      <title>WeedsViz</title>
      <link>/project/weedsviz/</link>
      <pubDate>Mon, 01 Jan 0001 00:00:00 +0000</pubDate>
      
      <guid>/project/weedsviz/</guid>
      <description> Delta Region Aquatic Invasive Plant Control Visualization
Project Website </description>
    </item>
    
    <item>
      <title>GreenGov Challenge</title>
      <link>/project/greengov-challenge/</link>
      <pubDate>Mon, 01 Jan 0001 00:00:00 +0000</pubDate>
      
      <guid>/project/greengov-challenge/</guid>
      <description></description>
    </item>
    
  </channel>
</rss>