<?xml version="1.0" encoding="utf-8" standalone="yes"?>
<rss version="2.0" xmlns:atom="http://www.w3.org/2005/Atom">
  <channel>
    <title>Water Data Collaborative</title>
    <link>/awards/moonshot/</link>
    <description>Recent content on Water Data Collaborative</description>
    <generator>Hugo -- gohugo.io</generator>
    <language>en-us</language>
    
	<atom:link href="/awards/moonshot/index.xml" rel="self" type="application/rss+xml" />
    
    
    <item>
      <title>Open Water Rate Specification (OWRS)</title>
      <link>/project/open-water-rate-specification/</link>
      <pubDate>Mon, 01 Jan 0001 00:00:00 +0000</pubDate>
      
      <guid>/project/open-water-rate-specification/</guid>
      <description>Additional resources:
 Project webpage  </description>
    </item>
    
    <item>
      <title>The WeTap App</title>
      <link>/project/wetap/</link>
      <pubDate>Mon, 01 Jan 0001 00:00:00 +0000</pubDate>
      
      <guid>/project/wetap/</guid>
      <description> Project Webpage </description>
    </item>
    
  </channel>
</rss>