<?xml version="1.0" encoding="utf-8" standalone="yes"?>
<rss version="2.0" xmlns:atom="http://www.w3.org/2005/Atom">
  <channel>
    <title>Water Data Collaborative</title>
    <link>/awards/imagine-h2o/</link>
    <description>Recent content on Water Data Collaborative</description>
    <generator>Hugo -- gohugo.io</generator>
    <language>en-us</language>
    
	<atom:link href="/awards/imagine-h2o/index.xml" rel="self" type="application/rss+xml" />
    
    
    <item>
      <title>Prediction and Visualization of Reported Units</title>
      <link>/project/prediction-visualization-reported-units/</link>
      <pubDate>Mon, 01 Jan 0001 00:00:00 +0000</pubDate>
      
      <guid>/project/prediction-visualization-reported-units/</guid>
      <description>Saving staff time by building a model that identifies Electronic Annual Reports (EARs) with errors. Can we learn more about contributing factors through geographic visualization?
Additional resources:
 Project webpage  </description>
    </item>
    
  </channel>
</rss>