<?xml version="1.0" encoding="utf-8" standalone="yes"?>
<rss version="2.0" xmlns:atom="http://www.w3.org/2005/Atom">
  <channel>
    <title>Water Data Collaborative</title>
    <link>/awards/datalicious/</link>
    <description>Recent content on Water Data Collaborative</description>
    <generator>Hugo -- gohugo.io</generator>
    <language>en-us</language>
    
	<atom:link href="/awards/datalicious/index.xml" rel="self" type="application/rss+xml" />
    
    
    <item>
      <title>Central Valley Well Vulnerability</title>
      <link>/project/central-valley-well-vulnerability/</link>
      <pubDate>Mon, 01 Jan 0001 00:00:00 +0000</pubDate>
      
      <guid>/project/central-valley-well-vulnerability/</guid>
      <description>Studying wells in the Central Valley in California.
Additional resources:
 Project webpage Repository  </description>
    </item>
    
    <item>
      <title>Water Rate Structures– Do They Make Cents?</title>
      <link>/project/water-rate-structures/</link>
      <pubDate>Mon, 01 Jan 0001 00:00:00 +0000</pubDate>
      
      <guid>/project/water-rate-structures/</guid>
      <description> Project Website </description>
    </item>
    
  </channel>
</rss>