<?xml version="1.0" encoding="utf-8" standalone="yes"?>
<rss version="2.0" xmlns:atom="http://www.w3.org/2005/Atom">
  <channel>
    <title>Water Data Collaborative</title>
    <link>/initiatives/2016-challenge/</link>
    <description>Recent content on Water Data Collaborative</description>
    <generator>Hugo -- gohugo.io</generator>
    <language>en-us</language>
    
	<atom:link href="/initiatives/2016-challenge/index.xml" rel="self" type="application/rss+xml" />
    
    
    <item>
      <title>Water Quality Explorer</title>
      <link>/project/wq-explorer/</link>
      <pubDate>Mon, 01 Jan 0001 00:00:00 +0000</pubDate>
      
      <guid>/project/wq-explorer/</guid>
      <description></description>
    </item>
    
    <item>
      <title>GreenGov Challenge</title>
      <link>/project/greengov-challenge/</link>
      <pubDate>Mon, 01 Jan 0001 00:00:00 +0000</pubDate>
      
      <guid>/project/greengov-challenge/</guid>
      <description></description>
    </item>
    
  </channel>
</rss>