<?xml version="1.0" encoding="utf-8" standalone="yes"?>
<rss version="2.0" xmlns:atom="http://www.w3.org/2005/Atom">
  <channel>
    <title>Awards on Water Data Collaborative</title>
    <link>/awards/</link>
    <description>Recent content in Awards on Water Data Collaborative</description>
    <generator>Hugo -- gohugo.io</generator>
    <language>en-us</language>
    
	<atom:link href="/awards/index.xml" rel="self" type="application/rss+xml" />
    
    
    <item>
      <title></title>
      <link>/awards/changeatscale/</link>
      <pubDate>Mon, 01 Jan 0001 00:00:00 +0000</pubDate>
      
      <guid>/awards/changeatscale/</guid>
      <description>This award is new in 2019 and it aims to recognize the importance of scalability. The project that gets this award demonstrates impact at more than one scale and should have characteristics that reflect the success gained from iterating over multiple engagements with multiple parties at different scales.</description>
    </item>
    
    <item>
      <title></title>
      <link>/awards/datalicious/</link>
      <pubDate>Mon, 01 Jan 0001 00:00:00 +0000</pubDate>
      
      <guid>/awards/datalicious/</guid>
      <description>This award is intended to recognize projects that effectively integrate data from different sources or organizations, including their own data.</description>
    </item>
    
    <item>
      <title></title>
      <link>/awards/design/</link>
      <pubDate>Mon, 01 Jan 0001 00:00:00 +0000</pubDate>
      
      <guid>/awards/design/</guid>
      <description></description>
    </item>
    
    <item>
      <title></title>
      <link>/awards/enduringcivicengagement/</link>
      <pubDate>Mon, 01 Jan 0001 00:00:00 +0000</pubDate>
      
      <guid>/awards/enduringcivicengagement/</guid>
      <description>To honor the team that has had the most impact on communities and their interests, we are excited to announce the inaugural Enduring Civic Engagement Award. This award recognizes the importance of iteration, the value of gathering civic interests and honoring the community perspective on water data value.</description>
    </item>
    
    <item>
      <title></title>
      <link>/awards/imagine-h2o/</link>
      <pubDate>Mon, 01 Jan 0001 00:00:00 +0000</pubDate>
      
      <guid>/awards/imagine-h2o/</guid>
      <description>As part of a call for commitments to further support the role of a data to solve water challenges, Imagine H2O awarded $1,500 cash and select accelerator services to one team from the Challenge whose solution best meets the following criteria:
 Impact - improves drinking water access and resiliency
 Scalability - enables broad deployment of drinking water solutions
 Innovation - sets forth a unique solution
  </description>
    </item>
    
    <item>
      <title></title>
      <link>/awards/moonshot/</link>
      <pubDate>Mon, 01 Jan 0001 00:00:00 +0000</pubDate>
      
      <guid>/awards/moonshot/</guid>
      <description>This award looks at the most ambitious or highest potential for large impact as well as compelling concept and Creativity in approach.</description>
    </item>
    
    <item>
      <title></title>
      <link>/awards/peopleschoice/</link>
      <pubDate>Mon, 01 Jan 0001 00:00:00 +0000</pubDate>
      
      <guid>/awards/peopleschoice/</guid>
      <description>This award recognizes the project that has received the most votes from the summit&amp;rsquo;s in-person participants.</description>
    </item>
    
    <item>
      <title></title>
      <link>/awards/readytogo/</link>
      <pubDate>Mon, 01 Jan 0001 00:00:00 +0000</pubDate>
      
      <guid>/awards/readytogo/</guid>
      <description>This award looks at feasibility of implementation. It addresses real-world needs relevant to drinking water issues, demonstrating an understanding of constraints, including cost of implementation. It works “as is”, and has some level of interoperability with existing work or systems.</description>
    </item>
    
    <item>
      <title></title>
      <link>/awards/risinginnovator/</link>
      <pubDate>Mon, 01 Jan 0001 00:00:00 +0000</pubDate>
      
      <guid>/awards/risinginnovator/</guid>
      <description>This award is intended to recognize an emerging group of leaders in the water, technology, or innovation fields. The team demonstrated an innovative approach, has high leadership potential, and a diversity of organizations.</description>
    </item>
    
    <item>
      <title></title>
      <link>/awards/teamspirit/</link>
      <pubDate>Mon, 01 Jan 0001 00:00:00 +0000</pubDate>
      
      <guid>/awards/teamspirit/</guid>
      <description></description>
    </item>
    
    <item>
      <title></title>
      <link>/awards/winner/</link>
      <pubDate>Mon, 01 Jan 0001 00:00:00 +0000</pubDate>
      
      <guid>/awards/winner/</guid>
      <description>Overall winner of the competition</description>
    </item>
    
  </channel>
</rss>