<?xml version="1.0" encoding="utf-8" standalone="yes"?>
<rss version="2.0" xmlns:atom="http://www.w3.org/2005/Atom">
  <channel>
    <title>Water Data Collaborative</title>
    <link>/topics/affordability/</link>
    <description>Recent content on Water Data Collaborative</description>
    <generator>Hugo -- gohugo.io</generator>
    <language>en-us</language>
    
	<atom:link href="/topics/affordability/index.xml" rel="self" type="application/rss+xml" />
    
    
    <item>
      <title>Water Rate Structures– Do They Make Cents?</title>
      <link>/project/water-rate-structures/</link>
      <pubDate>Mon, 01 Jan 0001 00:00:00 +0000</pubDate>
      
      <guid>/project/water-rate-structures/</guid>
      <description> Project Website </description>
    </item>
    
    <item>
      <title>Open Water Rate Specification (OWRS)</title>
      <link>/project/open-water-rate-specification/</link>
      <pubDate>Mon, 01 Jan 0001 00:00:00 +0000</pubDate>
      
      <guid>/project/open-water-rate-specification/</guid>
      <description>Additional resources:
 Project webpage  </description>
    </item>
    
    <item>
      <title>Identifying high-risk communities</title>
      <link>/project/high-risk-communities/</link>
      <pubDate>Mon, 01 Jan 0001 00:00:00 +0000</pubDate>
      
      <guid>/project/high-risk-communities/</guid>
      <description>Identifying communities with a high risk of shortage using a multifactor vulnerability score
Additional resources:
 Project webpage  </description>
    </item>
    
    <item>
      <title>Water: Towards True Affordability</title>
      <link>/project/water-towards-true-affordability/</link>
      <pubDate>Mon, 01 Jan 0001 00:00:00 +0000</pubDate>
      
      <guid>/project/water-towards-true-affordability/</guid>
      <description>Communities that are economically disadvantaged are most vulnerable to high water prices, and safety and availability issues.
This project combines information from the Public Water Services (PWS), US Census data and water utility rates to study the affordability of drinking water in California.
To fill the gaps in the existing data and engage and empowered the communities most affected, a proof-of-concept implementation for a survey is included.
Additional resources:
 Project webpage  </description>
    </item>
    
  </channel>
</rss>