<?xml version="1.0" encoding="utf-8" standalone="yes"?>
<rss version="2.0" xmlns:atom="http://www.w3.org/2005/Atom">
  <channel>
    <title>Water Data Collaborative</title>
    <link>/topics/</link>
    <description>Recent content on Water Data Collaborative</description>
    <generator>Hugo -- gohugo.io</generator>
    <language>en-us</language>
    
	<atom:link href="/topics/index.xml" rel="self" type="application/rss+xml" />
    
    
    <item>
      <title></title>
      <link>/topics/affordability/</link>
      <pubDate>Mon, 01 Jan 0001 00:00:00 +0000</pubDate>
      
      <guid>/topics/affordability/</guid>
      <description>Is water affordable? For many people, the answer is: unfortunately, not really.
These projects focus on using existing water data to quantify the economic impact of water on people and communities using it.</description>
    </item>
    
    <item>
      <title></title>
      <link>/topics/groundwater/</link>
      <pubDate>Mon, 01 Jan 0001 00:00:00 +0000</pubDate>
      
      <guid>/topics/groundwater/</guid>
      <description>Projects concerning groundwater.</description>
    </item>
    
    <item>
      <title></title>
      <link>/topics/infrastructure/</link>
      <pubDate>Mon, 01 Jan 0001 00:00:00 +0000</pubDate>
      
      <guid>/topics/infrastructure/</guid>
      <description>These projects study the status of water infrastructure in California.</description>
    </item>
    
    <item>
      <title></title>
      <link>/topics/quality/</link>
      <pubDate>Mon, 01 Jan 0001 00:00:00 +0000</pubDate>
      
      <guid>/topics/quality/</guid>
      <description></description>
    </item>
    
    <item>
      <title></title>
      <link>/topics/tools/</link>
      <pubDate>Mon, 01 Jan 0001 00:00:00 +0000</pubDate>
      
      <guid>/topics/tools/</guid>
      <description>Devices, software, and protocols, to enable better water data collection, processing, and analysis.</description>
    </item>
    
    <item>
      <title>availability</title>
      <link>/topics/availability/</link>
      <pubDate>Mon, 01 Jan 0001 00:00:00 +0000</pubDate>
      
      <guid>/topics/availability/</guid>
      <description></description>
    </item>
    
  </channel>
</rss>