<?xml version="1.0" encoding="utf-8" standalone="yes"?>
<rss version="2.0" xmlns:atom="http://www.w3.org/2005/Atom">
  <channel>
    <title>Water Data Collaborative</title>
    <link>/awards/design/</link>
    <description>Recent content on Water Data Collaborative</description>
    <generator>Hugo -- gohugo.io</generator>
    <language>en-us</language>
    
	<atom:link href="/awards/design/index.xml" rel="self" type="application/rss+xml" />
    
    
    <item>
      <title>Visualizing Exceedance of Contaminants</title>
      <link>/project/visualizing-exceedance-contaminants/</link>
      <pubDate>Mon, 01 Jan 0001 00:00:00 +0000</pubDate>
      
      <guid>/project/visualizing-exceedance-contaminants/</guid>
      <description>Visualizing exceedance levels of water system contaminants.
Additional resources:
 Project webpage  </description>
    </item>
    
  </channel>
</rss>