<?xml version="1.0" encoding="utf-8" standalone="yes"?>
<rss version="2.0" xmlns:atom="http://www.w3.org/2005/Atom">
  <channel>
    <title>Water Data Collaborative</title>
    <link>/topics/infrastructure/</link>
    <description>Recent content on Water Data Collaborative</description>
    <generator>Hugo -- gohugo.io</generator>
    <language>en-us</language>
    
	<atom:link href="/topics/infrastructure/index.xml" rel="self" type="application/rss+xml" />
    
    
    <item>
      <title>Source Water Time Machine</title>
      <link>/project/source-water-time-machine/</link>
      <pubDate>Mon, 01 Jan 0001 00:00:00 +0000</pubDate>
      
      <guid>/project/source-water-time-machine/</guid>
      <description> Project website </description>
    </item>
    
    <item>
      <title>DAMMS: Dam Assessment Mapping and Safety System</title>
      <link>/project/dam-safety/</link>
      <pubDate>Mon, 01 Jan 0001 00:00:00 +0000</pubDate>
      
      <guid>/project/dam-safety/</guid>
      <description>Communicating dam safety through visualizations, building support for change
Additional resources:
 Project webpage  </description>
    </item>
    
    <item>
      <title>Drinking Water Contaminant Classification</title>
      <link>/project/drinking-water-contaminant-classification/</link>
      <pubDate>Mon, 01 Jan 0001 00:00:00 +0000</pubDate>
      
      <guid>/project/drinking-water-contaminant-classification/</guid>
      <description></description>
    </item>
    
    <item>
      <title>Blue Conduit</title>
      <link>/project/blueconduit/</link>
      <pubDate>Mon, 01 Jan 0001 00:00:00 +0000</pubDate>
      
      <guid>/project/blueconduit/</guid>
      <description>Using AI to reduce uncertainty of lead service line replacement</description>
    </item>
    
    <item>
      <title>The WeTap App</title>
      <link>/project/wetap/</link>
      <pubDate>Mon, 01 Jan 0001 00:00:00 +0000</pubDate>
      
      <guid>/project/wetap/</guid>
      <description> Project Webpage </description>
    </item>
    
  </channel>
</rss>